DisplayName,Publisher,DisplayVersion,ProductID,WorkspaceONEApplicationName,WorkspaceONEApplicationID,WorkspaceONETagId,OriginalName,SAM,CollectionName,CollectionID
3M WinAppLink 1.0.18(Live),*,*,,3M WinAppLink 1.0.18 (Live),,10280,3M Coding and Reimbursement System WinAppLink,No,,
3M WinAppLink 1.0.18(Test),*,*,,3M WinAppLink 1.0.18 (Test),,10281,3M Coding and Reimbursement System WinAppLink,No,,
7-Zip*,*,*,, 7-Zip 19.00,,11002,,No,,
ABBYY FineReader for ScanSnap*,*,*,,ABBYY FineReader for ScanSnap (TM) 5.5 15.0.2261,,11316,,No,,
Abstract Plus,*,*,,CDC Abstract Plus 2.04.20,,11043,,No,,
ACCU-CHEK 360*,*,*,,Roche ACCU CHEK 360 2.5.0,,11109,,No,,
ACCU-CHEK Connect Device Link,*,*,,Roche ACCU-CHEK Connect DeviceLink 2.6.0.4,,11175,,No,,
ActiveState ActivePhython*,*,*,,Python Core Interpreter 3.9.1,,11077,,No,,
Activity BarCoding Client,*,*,,ABC Activity BarCoding Client (NALHN) 1.2.0,,10580,,No,,
Adobe*CC*,*,*,,Adobe Creative Cloud,,10059,,No,,
Adobe Acrobat Professional 2017,*,*,,Adobe Acrobat Professional 2017,,10182,Adobe Acrobat 2017,Yes,,
Adobe Acrobat Professional 2020,*,*,,Adobe Acrobat 2020 20.001.30002 Professional,,10771,Adobe Acrobat 2020,Yes,,
Adobe Acrobat Standard 2017,*,*,,Adobe Acrobat Standard 2017,,10181,Adobe Acrobat 2017,Yes,,
Adobe Acrobat Standard 2020,*,*,,Adobe Acrobat 2020 20.001.30002 Standard,,10772,Adobe Acrobat 2020,Yes,,
Adobe After Effects 2*,*,*,,Adobe Creative Cloud,,10059,,No,,
Adobe AIR,*,*,,Adobe AIR,,10362,,No,,
Adobe Creative Cloud,*,*,,Adobe Creative Cloud,,10059,,No,,
Adobe Digital Editions*,*,*,,Adobe Digital Editions 4.5,,10519,,No,,
Adobe Dreamweaver 2*,*,*,,Adobe Creative Cloud,,10059,,No,,
Adobe Illustrator 2*,*,*,,Adobe Creative Cloud,,10059,,No,,
Adobe InCopy 2*,*,*,,Adobe Creative Cloud,,10059,,No,,
Adobe InDesign 2*,*,*,,Adobe Creative Cloud,,10059,,No,,
Adobe Lightroom,*,*,,Adobe Creative Cloud,,10059,,No,,
Adobe Lightroom Classic,*,*,,Adobe Creative Cloud,,10059,,No,,
Adobe Media Encoder 2*,*,*,,Adobe Creative Cloud,,10059,,No,,
Adobe Photoshop 2*,*,*,,Adobe Creative Cloud,,10059,,No,,
Adobe Photoshop Elements*,*,*,,Adobe Creative Cloud,,10059,,No,,
Adobe Prelude CS6,*,*,,Adobe Creative Cloud,,10059,,No,,
Adobe Premier*,*,*,,Adobe Creative Cloud,,10059,,No,,
Advanced Query Tool v10.*,*,*,,Cardett Associates Advanced Query Tool 10.1.0,,11143,,Yes,,
AHSRI epiCentre (FMC),*,*,,AHSRI epiCentre 2.2.5 (FMC),,10875,EpiCentre,No,,
AHSRI epiCentre (Modbury),*,*,,AHSRI epiCentre 2.2.5 (MOD),,10876,EpiCentre,No,,
AHSRI epiCentre (QEH),*,*,,AHSRI epiCentre 2.2.5 (QEH),,10877,EpiCentre,No,,
AHSRI epiCentre (WCHN),*,*,,AHSRI epiCentre 2.2.5 (WCHN),,10878,EpiCentre,No,,
ALM-Platform Loader 15*,*,*,,Microfocus ALM Quality Centre 15.1.901,,10612,,No,,
Analyse-it for Microsoft Excel,*,*,,Analyse-it for Microsoft Excel 2.26,,10561,,Yes,,
Analyse-it for Microsoft Excel (*-bit),*,*,,Analyse-it Software Ltd Analyse-it for Microsoft Excel (32-bit) 5.68.0,,11255,,Yes,,
Aperio ImageScope*,*,*,,Aperio ImageScope,,10340,,No,,
Articulate *,*,*,,Articulate Global Inc Articulate 360 1.48.24116.0,,11031,,Yes,,
AssetPlusCS Version 10.2,*,*,,GE Healthcare AssetPlus 10.10.0.19,,11173,,No,,
AT20P 4.3.2,*,*,,Medmont International AT20P 4.3.2,,11174,,No,,
Audacity *,*,*,,Audacity ,,10950,,No,,
Australia City Streets Version*,*,*,,Universal Publishers UBD Australian City Streets (SAAS),,10400,,No,,
AutoCAD LT 2019 - English,*,*,,AutoDesk AutoCAD LT 2019 12.0.77.0.3,,10096,,Yes,,
Autodesk AutoCAD LT 2019 - English,*,*,,AutoDesk AutoCAD LT 2019 12.0.77.0.3,,10096,,Yes,,
Autodesk Design Review*,*,*,,Autodesk Design Review 14.0.0.177,,10699,,No,,
Autodesk DWG TrueView*,*,*,,Autodesk DWG TrueView 2020 - English 23.1.48.0,,10107,,No,,
Avery Wizard*,*,*,,Avery Wizard 5,,10521,,No,,
AW Server 3.2 Ext. 3.2 Client*,*,*,*,GE AW Server 3.2 Ext. 3.2 Client 3.2.3.2,,11518,,No,,
Azure Data Studio,*,*,*,Azure Data Studio 1.3,,11379,,No,,
Barco*Med Self Exam*,*,*,,Barco Med Self Exam (BMSE) 6.5.9.0,,11329,,No,,
Basware Invoice Processing 5.1.0.55 (IP_MON_ONLY),*,*,,Basware Invoice Processing 5.1.0.55 (IP_MON_ONLY),,10240,Basware Invoice Processing Workstation,No,,
Basware Invoice Processing 5.1.0.55 (PRO_CLIENT_ONLY),*,*,,Basware Invoice Processing 5.1.0.55 (PRO_CLIENT_ONLY),,10242,Basware Invoice Processing Workstation,No,,
Basware Invoice Processing 5.1.0.55 (PROD),*,*,,Basware Invoice Processing 5.1.0.55 (PROD),,10239,Basware Invoice Processing Workstation,No,,
Baxter RenalSoft*,*,*,,Baxter RenalSoft 2.0.1,,10485,,No,,
BEIMS*,*,*,,DoH - Mercury Computer Systems BEIMS 5.7.500,,11126,,No,,
Bio-Rad CFX Maestro *,*,*,,Bio-Rad CFX Maestro 1.1,,11643,,No,,
Bizagi*Modeler,*,*,,Bizagi Modeler 3.7.0123,,11036,,No,,
Bluebeam Revu eXtreme *,*,*,,Bluebeam Revu eXtreme 18.2.0,,10100,,Yes,,
Bluebeam Revu x64*,*,*,,Bluebeam Revu eXtreme 18.2.0,,10100,,Yes,,
BlueFuse Multi,*,*,,BlueGnome Bluefuse Multi 4.5,,10357,,No,,
Box Tools,*,*,,Box Tools 4.13.0.846,,11047,,No,,
Brother P-touch Editor*,*,*,,Brother P-Touch Editor 5.4,,10958,,No,,
Brother P-touch Address Book 1.2,*,*,,Brother P-touch Address Book 1.2,,10540,,No,,
Camtasia 2020,*,*,,TechSmith Camtasia 2020 20.0.10.25773,,11046,,Yes,,
Capacity Planner*,*,*,,Change Healthcare Capacity Planner 7.4.1,,10130,,No,,
Captureur 1.31,*,*,,Captureur 1.31,,10035,,No,,
CardioSoft Software V6.*,*,*,,GE Healthcare CardioSoft Software 6.73,,11086,,No,,
CareLink iPro uploader,*,*,,Medtronic CareLink iPro Uploader 1.01.003,,10113,,No,,
CareLink Uploader,*,*,,Medtronic CareLink Uploader 3.2.6,,11164,,No,,
Carestream Vue PACS (CLARE) 12.2.1,*,*,,Carestream Vue PACS 12.2.1.0104 (CLARE) ,,11300,,No,,
Carestream Vue PACS (FMC) 12.2.1,*,*,,Carestream Vue PACS 12.2.1.0104 (V2) (FMC)_X64,,10669,,No,,
Carestream Vue PACS (QEH) 12.2.1,*,*,,Carestream Vue PACS 12.2.1.0104 (V2) (QEH)_X64,,10666,,No,,
Carestream Vue PACS (WCH) 12.2.1,*,*,,WCH Carestream Vue PACS 12.2.1.0104 (V2),,10579,,No,,
Carestream Vue PACS (LMH) 12.2.1,*,*,,Carestream Vue PACS 12.2.1.0104 (V2) (LMH)_X64,,10663,,No,,
Carestream Vue PACS (RGH) 12.2.1,*,*,,Carestream Vue PACS 12.2.1.0104 (V2) (RGH)_X64,,10670,,No,,
Carestream Vue PACS (BERRI) 12.2.1,*,*,,Carestream Vue PACS 12.2.1.0104 (V2) (RMI)_X64,,10673,,No,,
Carestream Vue PACS (RAH) 12.2.1,*,*,,Carestream Vue PACS 12.2.1.0104 (V3) (RAH)_X64,,10671,,No,,
Carestream Vue PACS 11.4.1.1102 WCH,*,*,,WCH Carestream Vue PACS 12.2.1.0104 (V2),,10579,,No,,
Carestream Vue PACS MURB 12.2.1*,*,*,,Carestream Vue PACS 12.2.1.0104 (V2) (MURB)_X64,,10667,,No,,
Carestream Vue PACS PTPIRIE 12.2.1*,*,*,,Carestream Vue PACS 12.2.1.0104 (V2) (PTPIRIE)_X64,,10668,,No,,
Carestream Vue PACS RAH 12.2.1,*,*,,Carestream Vue PACS 12.2.1.0104 (V3) (RAH)_X64,,10671,,No,,
Carps Logger,*,*,,Carps Logger 7.0.49 V3,,10626,,Yes,,
Carps Controller,*,*,,In Control Carps Controller 8.0.33,,11044,,No,,
CDAA MDT Simulation Tool 2.0,*,*,,CDA SAAS MDT Simulator Tool 2.0,,10271,,No,,
CDCB Contact*,*,*,,CDCB Contacts Tracing Database 1.0.0.42,,10913,,No,,
CellaVision DM Software*,*,*,,CellaVision DM Software 7.0.1 (build 25),,11128,,No,,
Centricity Workstation,*,*,,GE Medical Systems Centricity 3.0 SPa09,,10236,,No,,
Charismathi*,*,*,,Charismathics GmbH Charismathis Smart Security Interface PIV 5.4.2,,11120,,No,,
ChimerMarker*,*,*,,Softgenetics Chimermarker 3.18,,10508,,Yes,,
chris21 Client 5.14.15,*,*,,Frontier Chris21 5.14.15 (Prod1 & Prod2),,10408,,No,,
Chris21 Client 5.24.10,*,*,,Frontier Chris21 5.24.10 (Prod1 & Prod2),,10746,,No,,
Chromas *,*,*,,Chromas Lite 2.6.6,,11049,,No,,
CHSA - Bill Tierney Registry Extensions 1.0,*,*,,CHSA - Bill Tierney Registry Extensions 1.0,,10346,,No,,
Cisco Jabber,*,*,,Cisco Jabber 12.9.1,,10794,,No,,
Cisco Jabber Video for TelePresence,*,*,,Cisco Jabber Video for Telepresence 4.8.12 V2,,11159,,No,,
Cisco Unified Attendant Console Advanced,*,*,,Cisco Unified Attendant Console Advanced 12.0.5.4175,,11122,,No,,
Cisco WebEx Meetings,*,*,,Cisco Webex Meetings 40.2.12.18,,10713,,No,,
Cisco WebEx Meetings Desktop App,*,*,,Cisco Webex Meetings 40.2.12.18,,10713,,No,,
Cisco WebEx Productivity Tools,*,*,,Cisco Webex Meetings 40.2.12.18,,10713,,No,,
Citrix Files,*,*,,Citrix Files,,10693,,No,,
Citrix Files for Outlook,*,*,,Citrix Files for Outlook,,10692,,No,,
Citrix Workspace 1*,*,*,,Citrix Systems Inc Citrix Workspace Client 19.12.3000.6,,11192,,No,,
Citrix Workspace 2*,*,*,,Citrix Systems Inc Citrix Workspace Client 19.12.3000.6,,11192,,No,,
CoAcS MiDatabank 2.00.0002,*,*,,CoAcS MiDatabank 3.2.1.13,,11295,,Yes,,
cobas IT solution,*,*,,Roche Cobas IT3000 Client,,10527,,No,,
Communications Clients,*,*,,Unify Software Communications Clients 6.2.70.30 v2,,11491,,No,,
CreativeCloudPackager2018,*,*,,Adobe Creative Cloud,,10059,,No,,
CSC HealthWare EarlyLink Reports 1.0,*,*,,CSC HealthWare EarlyLink Reports 1.0.4,,11155,,No,,
CSC HealthWare NET 6.0.0.16 (V2),*,*,,FMC - CSC HealthWare NET 6.0.0.17 (V6),,11485,,No,,
CSC HealthWare NET TEST 6.0.0.16 (V2),*,*,,FMC - CSC HealthWare NET 6.0.0.17 (TEST) (V6),,11487,,No,,
CSC HealthWare NET TRAIN 6.0.0.16 (V2),*,*,,FMC - CSC HealthWare NET 6.0.0.17 (TRAIN) (V6),,11486,,No,,
CSC ORMIS 10.1 B22 DoH ADMIN,*,*,,CSC ORMIS 10.1 B22 DoH ADMIN,,10315,SAH CSC Ormis 10.1 B22 DoH,No,,
CSC ORMIS 10.1 B22 FMC,*,*,,CSC ORMIS 10.1 B22 FMC,,10312,SAH CSC Ormis 10.1 B22 DoH,No,,
CSC ORMIS 10.1 B22 FMC ADMIN,*,*,,CSC ORMIS 10.1 B22 FMC ADMIN,,10313,SAH CSC Ormis 10.1 B22 DoH,No,,
CSC ORMIS 10.1 B22 FMC TRAIN_TEST,*,*,,CSC ORMIS 10.1 B22 FMC TRAIN_TEST,,10314,SAH CSC Ormis 10.1 B22 DoH,No,,
CSC ORMIS 10.1 B22 LMH,*,*,,CSC ORMIS 10.1 B22 LMH,,10309,SAH CSC Ormis 10.1 B22 DoH,No,,
CSC ORMIS 10.1 B22 LMH ADMIN,*,*,,CSC ORMIS 10.1 B22 LMH ADMIN,,10310,SAH CSC Ormis 10.1 B22 DoH,No,,
CSC ORMIS 10.1 B22 LMH TRAIN_TEST,*,*,,CSC ORMIS 10.1 B22 LMH TRAIN_TEST,,10311,SAH CSC Ormis 10.1 B22 DoH,No,,
CSC ORMIS 10.1 B22 MPH,*,*,,CSC ORMIS 10.1 B22 MPH,,10306,SAH CSC Ormis 10.1 B22 DoH,No,,
CSC ORMIS 10.1 B22 MPH ADMIN,*,*,,CSC ORMIS 10.1 B22 MPH ADMIN,,10307,SAH CSC Ormis 10.1 B22 DoH,No,,
CSC ORMIS 10.1 B22 MPH TRAIN_TEST,*,*,,CSC ORMIS 10.1 B22 MPH TRAIN_TEST,,10308,SAH CSC Ormis 10.1 B22 DoH,No,,
CSC ORMIS 10.1 B22 NHS,*,*,,CSC ORMIS 10.1 B22 NHS,,10303,SAH CSC Ormis 10.1 B22 DoH,No,,
CSC ORMIS 10.1 B22 NHS ADMIN,*,*,,CSC ORMIS 10.1 B22 NHS ADMIN,,10304,SAH CSC Ormis 10.1 B22 DoH,No,,
CSC ORMIS 10.1 B22 NHS TRAIN_TEST,*,*,,CSC ORMIS 10.1 B22 NHS TRAIN_TEST,,10305,SAH CSC Ormis 10.1 B22 DoH,No,,
CSC ORMIS 10.1 B22 QEH,*,*,,CSC ORMIS 10.1 B22 QEH,,10300,SAH CSC Ormis 10.1 B22 DoH,No,,
CSC ORMIS 10.1 B22 QEH ADMIN,*,*,,CSC ORMIS 10.1 B22 QEH ADMIN,,10301,SAH CSC Ormis 10.1 B22 DoH,No,,
CSC ORMIS 10.1 B22 QEH TRAIN_TEST,*,*,,CSC ORMIS 10.1 B22 QEH TRAIN_TEST,,10302,SAH CSC Ormis 10.1 B22 DoH,No,,
CSC ORMIS 10.1 B22 RAH,*,*,,CSC ORMIS 10.1 B22 RAH,,10297,SAH CSC Ormis 10.1 B22 DoH,No,,
CSC ORMIS 10.1 B22 RAH ADMIN,*,*,,CSC ORMIS 10.1 B22 RAH ADMIN,,10298,SAH CSC Ormis 10.1 B22 DoH,No,,
CSC ORMIS 10.1 B22 RAH TRAIN_TEST,*,*,,CSC ORMIS 10.1 B22 RAH TRAIN_TEST,,10299,SAH CSC Ormis 10.1 B22 DoH,No,,
CSC Ormis 10.1 B22 RGH,*,*,,CSC Ormis 10.1 B22 RGH,,10289,SAH CSC Ormis 10.1 B22 DoH,No,,
CSC Ormis 10.1 B22 RGH ADMIN,*,*,,CSC Ormis 10.1 B22 RGH ADMIN,,10290,SAH CSC Ormis 10.1 B22 DoH,No,,
CSC Ormis 10.1 B22 RGH TRAIN_TEST,*,*,,CSC Ormis 10.1 B22 RGH TRAIN_TEST,,10291,SAH CSC Ormis 10.1 B22 DoH,No,,
CSC Ormis 10.1 B22 WCH,*,*,,CSC Ormis 10.1 B22 WCH,,10278,SAH CSC Ormis 10.1 B22 DoH,No,,
CSC Ormis 10.1 B22 WCH ADMIN,*,*,,CSC Ormis 10.1 B22 WCH ADMIN,,10287,SAH CSC Ormis 10.1 B22 DoH,No,,
CSC Ormis 10.1 B22 WCH TRAIN_TEST,*,*,,CSC Ormis 10.1 B22 WCH TRAIN_TEST,,10288,SAH CSC Ormis 10.1 B22 DoH,No,,
CSC Ormis 10.1 B22 BHF,*,*,,CSC Ormis 10.1 B22 BHF,,10757,SAH CSC Ormis 10.1 B22 DoH,No,,
CSC Ormis 10.1 B22 BHF ADMIN,*,*,,CSC Ormis 10.1 B22 Admin BHF,,10756,SAH CSC Ormis 10.1 B22 DoH,No,,
CSC Ormis 10.1 B22 BHF TRAIN_TEST,*,*,,CSC Ormis 10.1 B22 Training Test BHF,,10755,SAH CSC Ormis 10.1 B22 DoH,No,,
CSC Ormis 10.1 B22 WHS,*,*,,CSC Ormis 10.1 B22 WHS,,10745,SAH CSC Ormis 10.1 B22 DoH,No,,
CSC Ormis 10.1 B22 WHS ADMIN,*,*,,CSC Ormis 10.1 B22 Admin WHS,,10743,SAH CSC Ormis 10.1 B22 DoH,No,,
CSC Ormis 10.1 B22 WHS TRAIN_TEST,*,*,,CSC Ormis 10.1 B22 Training Test WHS,,10741,SAH CSC Ormis 10.1 B22 DoH,No,,
CSC Ormis 10.1 B22 PAH,*,*,,CSC Ormis 10.1 B22 PAH PROD,,10744,SAH CSC Ormis 10.1 B22 DoH,No,,
CSC Ormis 10.1 B22 PAH ADMIN,*,*,,CSC Ormis 10.1 B22 PAH ADMIN,,10742,SAH CSC Ormis 10.1 B22 DoH,No,,
CSC Ormis 10.1 B22 PAH TRAIN_TEST,*,*,,CSC Ormis 10.1 B22 PAH TRAIN,,10740,SAH CSC Ormis 10.1 B22 DoH,No,,
CSC Ormis 10.1 B22 MTG,*,*,,CSC Ormis 10.1 B22 MTG PROD,,10707,SAH CSC Ormis 10.1 B22 DoH,No,,
CSC Ormis 10.1 B22 MTG ADMIN,*,*,,CSC Ormis 10.1 B22 MTG ADMIN,,10709,SAH CSC Ormis 10.1 B22 DoH,No,,
CSC Ormis 10.1 B22 MTG TRAIN_TEST,*,*,,CSC Ormis 10.1 B22 MTG TRAIN,,10708,SAH CSC Ormis 10.1 B22 DoH,No,,
CSC Ormis 10.1 B22 EFN TRAIN,*,*,,CSC Ormis 10.1 B22 EFN TRAIN,,11538,SAH CSC Ormis 10.1 B22 DoH,No,,
CSC Ormis 10.1 B22 EFN ADMIN,*,*,,CSC Ormis 10.1 B22 EFN ADMIN,,11536,SAH CSC Ormis 10.1 B22 DoH,No,,
CSC Ormis 10.1 B22 EFN,*,*,,CSC Ormis 10.1 B22 EFN PROD,,11537,SAH CSC Ormis 10.1 B22 DoH,No,,
Custom Sound Suite*,*,*,,Cochlear Custom Sound Suite 5.1.50.1,,10335,,No,,
D&L Software OziExplorer 3.95.5n,*,*,,D & L Software OziExplorer (SAAS),,10403,,No,,
Dataload,*,*,,JD Stuart DataLoad 5.4.1.0,,10563,,No,,
DB Browser for SQLite,*,*,,DB Browser for SQLite 3.12.1,,11056,,No,,
DDMS*,*,*,,Verdant Pty DDMS  1.4.4,,11296,,No,,
Dexcom Web Uploader - Agent*,*,*,,Dexcom Web Uploader - Agent 1.4.0,,11340,,No,,
Dexcom Web Uploader - Fetch*,*,*,,Dexcom Web Uploader Fetch 2.4.0.0,,11045,,No,,
DNASTAR Lasergene 14,*,*,,DNASTAR Lasergene 14.1,,10554,,No,,
DNASTAR Lasergene 17,*,*,,DNASTAR Lasergene 17 17.2.1.63,,11308,,No,,
DoH - Adobe Creative Cloud Desktop App,*,*,,Adobe Creative Cloud,,10059,,No,,
DoH Oacis User Manager 2.2.3.3,*,*,,DoH Oacis User Manager 2.2.3.3,,10623,,No,,
dgBooker*,*,*,,Datagaard dgBooker 3.0.8,,10813,,No,,
dgPAS*,*,*,,Datagaard dgPas Launcher 1.0,,10551,,No,,
DHS Medicare Australia DVA Certificates 2.0,*,*,,DHS Medicare Australia DVA Certificates 2.0,,10514,,No,,
Diasend*,*,*,,Glooko Diasend Uploader,,10090,,No,,
DigiScribe-XL DigiDictate-IP,*,*,,Crescendo Systems DigiScribe-XL DigiDictate 5.0.115 v2,,10295,Crescendo DigiScribe-XL,Yes,,
DigiScribe-XL DigiPlayer-IP,*,*,,Crescendo Systems DigiScribe-XL DigiPlayer 5.0.115 v2,,10296,Crescendo DigiScribe-XL,Yes,,
DigiScribe-XL 3.8,*,*,,Crescendo Systems DigiScribe-XL 3.8.2134,,10405,Crescendo DigiScribe-XL,Yes,,
DigiScribe-XL 3.6,*,*,,Crescendo Systems DigiScribe-XL 3.8.2134,,10405,Crescendo DigiScribe-XL,Yes,,
DirectView,*,*,,Philips Respironics DirectView 2.4.2,,11133,,No,,
DPTI FAMIS 2.0.0.311,*,*,,DPTI FAMIS 2.0.0.311,,10347,,No,,
DrägerService*,*,*,,Draegerwerk DrägerService-Software 12.13.1.207,,11176,,No,,
Dragon 14,*,*,,Nuance Dragon Professional Group 14.0,,10523,,Yes,,
Dragon 15,*,*,,Nuance Communications Inc Dragon 15.3,,10138,,Yes,,
Dragon NaturallySpeaking 13,*,*,,Nuance Dragon Naturally Speaking 13,,10350,,Yes,,
Dragon Medical*,*,*,,Nuance Medical Practice Edition 4.3,,10894,,Yes,,
Dropbox,*,*,,Dropbox Inc Dropbox Client 116.4.368,,11048,,No,,
DWG TrueView*,*,*,,Autodesk DWG TrueView 2020 - English 23.1.48.0,,10107,,No,,
DXC EDIS MPH 17*,*,*,,DXC EDIS MPH 17.2.0,,10629,,No,,
DXC Medicare HPOS Certificates 1.0 (NHS),*,*,,DXC Medicare HPOS Certificates 1.0 (NHS),,10080,,No,,
DYMO Connect,*,*,,DYMO Connect 1.3.2.18,,11191,,No,,
DYMO Label*,*,*,,Newell Rubbermaid Dymo Label Writer 8.7.1,,10063,,No,,
Dynamic Connect,*,6.4.0,,Rocket Software Dynamic Connect 6.4.0.1033,,10758,,No,,
Dynamic Connect 5.1.2 ADMIN,*,*,,Rocket Software Dynamic Connect 6.4.0.1033,,10758,,No,,
EasyLog USB,*,*,,Lascar Electronics EasyLog USB 7.5.0,,10322,,No,,
EasyOne Connect,*,*,,NDD Medizintechnik EasyOne Connect 03.09.0204,,11519,,No,,
EchoPAC Software only,*,*,,GE Healthcare EchoPAC Software Only 202.30.0,,11520,,No,,
Embarcadero InterBase XE*,*,*,,Embarcadero InterBase XE7,,11387,,Yes,,
Emergis Oacis 7.1.0.105 CYWHS,*,*,,Emergis Oacis 7.1.0.106 CYWHS,,10204,Emergis Oacis 7.1.0.105,No,,
Emergis Oacis 7.1.0.105 DoH,*,*,,Emergis Oacis 7.1.0.105 DoH,,10205,Emergis Oacis 7.1.0.105,No,,
Emergis Oacis 7.1.0.105 FMC,*,*,,Emergis Oacis 7.1.0.105 FMC,,10206,Emergis Oacis 7.1.0.105,No,,
Emergis Oacis 7.1.0.105 LMH,*,*,,Emergis Oacis 7.1.0.105 LMH,,10197,Emergis Oacis 7.1.0.105,No,,
Emergis Oacis 7.1.0.105 MPH,*,*,,Emergis Oacis 7.1.0.105 MPH,,10207,Emergis Oacis 7.1.0.105,No,,
Emergis Oacis 7.1.0.105 NHS,*,*,,Emergis Oacis 7.1.0.105 NHS,,10208,Emergis Oacis 7.1.0.105,No,,
Emergis Oacis 7.1.0.105 nRAH,*,*,,Emergis Oacis 7.1.0.105 nRAH,,10209,Emergis Oacis 7.1.0.105,No,,
Emergis Oacis 7.1.0.105 QEH,*,*,,Emergis Oacis 7.1.0.105 QEH,,10210,Emergis Oacis 7.1.0.105,No,,
Emergis Oacis 7.1.0.105 RGH,*,*,,Emergis Oacis 7.1.0.105 RGH,,10211,Emergis Oacis 7.1.0.105,No,,
Emergis Oacis 7.1.0.105 SMRH,*,*,,Emergis Oacis 7.1.0.105 SMRH,,10212,Emergis Oacis 7.1.0.105,No,,
EndNote 20,*,*,,Clarivate Analytics EndNote 20 20.0.1.15043,,11400,,No,,
EndNote X4,*,*,,Clarivate Analytics EndNote 20 20.0.1.15043,,11400,,Yes,,
EndNote X6,*,*,,Clarivate Analytics EndNote 20 20.0.1.15043,,11400,,Yes,,
EndNote X7,*,*,,Clarivate Analytics EndNote 20 20.0.1.15043,,11400,,Yes,,
EndNote X8,*,*,,Clarivate Analytics EndNote 20 20.0.1.15043,,11400,,No,,
EndNote X9,*,*,,Clarivate Analytics EndNote 20 20.0.1.15043,,11400,,No,,
Enterprise Architect,*,*,,Sparx Systems Enterprise Architect 15.2.1559.26,,11423,,No,,
Epi Info 7,*,*,,CDC EPI Info 7.2.4.0,,11185,,No,,
eTemperature,*,7*,,OnSolution eTemperature 8.32,,10135,,No,,
eTemperature,*,8*,,OnSolution eTemperature 8.32,,10135,,No,,
eTemperature,*,9*,,OnSolution eTemperature 9.12,,11011,,No,,
Evernote v.*,*,*,,EverNote Corp Evernote 6.11.2,,10064,,No,,
Evoluent Mouse Manager,*,*,,Evoluent Mouse Manager 6.0.3.0,,11030,,No,,
Exercise Pro V6,*,*,,BioEx Systems Exercise Pro V6 6.01.32.10,,11083,,No,,
Extended Asian Language font pack for Adobe Acrobat Reader DC,*,*,,Extended Asian Language font pack for Adobe Acrobat Reader DC,,10598,,No,,
Extended Asian Language font pack for Adobe Reader XI,*,*,,Extended Asian Language font pack for Adobe Reader XI,,10594,,No,,
Faststone Image Viewer*,*,*,,Faststone Image Viewer 3.1,,11539,,No,,
FibroView Report,*,*,,ECHOSENS FibroView Report 2.1.4,,11054,,No,,
FileOpen Client*,*,*,,FileOpen Systems FileOpen Client B994 3.0.166.994,,11165,,No,,
FileMaker Pro 16*,*,*,,FileMaker Pro 16 16.0.2.205,,11338,,Yes,,
FileMaker Pro 17*,*,*,,FileMaker FileMaker Pro Advanced 17.0.1.143,,10127,,Yes,,
FileZilla*Client*,*,*,,FileZilla Client 3.54.1.0,,11350,,No,,
Fitbit Connect,*,*,,FitBit FitBit Connect 2.0.2.7066,,10374,,No,,
FitPro+,*,*,,TSI FitPro+ 3.2,,10071,,No,,
FitPro Ultra*,*,*,,TSI Incorporated FitPro Ultra 4.9.0,,11110,,No,,
FlashBack Pro 5,*,*,,Blueberry Software FlashBack Pro 5.31.0.4366,,10386,,No,,
FMC WinRDS32 2.16.5,*,*,,SAPATH - FMC WinRDS32 2.16.5,,10959,,No,,
FoodWorks 9,*,*,,Xyris Foodworks 9.0,,10381,,Yes,,
FoodWorks 10,*,*,,Xyris Foodworks Professional 10,,11221,,Yes,,
FORUM - FORUM Viewer,*,*,,FORUM 4.2 - FORUM Viewer,,10589,,No,,
FreeStyle Libre,*,*,,Abbott Diabetes Care FreeStyle Libre 1.0,,10081,,No,,
FreeStyle Auto-Assist,*,*,,FreeStyle Auto-Assist 2.0.3665.0,,10384,,No,,
FreeStyle Auto-Assist Neo,*,1.2*,,FreeStyle Auto-Assist Neo 1.22,,10385,,No,,
Fuzzy Lookup Add-In For Excel,*,*,,Microsoft Fuzzy Lookup Add-In For Excel 1.3,,11052,,No,,
Garmin Express,*,*,,Garmin Ltd Garmin Express 7.4.0,,11111,,No,,
GE Healthcare AssetPlus*Config*,*,*,,GE Healthcare AssetPlus 10.10.0.19,,11173,,No,,
Geneious *,*,*,,Biomatters Geneious Prime 2021.0.3,,11084,,Yes,,
GeneMarker HID V*,*,*,,SoftGenetics GeneMarker HID 2.9.0,,10526,,No,,
GeneMarker V*,*,*,,SoftGenetics GeneMarker 3.0,,10562,,No,,
GenoPro 2.5.*,*,*,,GenoPro Inc GenoPro 2.5.3.9,,10364,,No,,
Getinge T-DOC Client 13,*,*,,Getinge T-DOC Client 13,,10406,,No,,
GIMP *,*,*,,The GIMP Team Gimp 2.10.4,,10087,,No,,
Git Version 2.*,*,*,,Git 2.9.2,,10976,,No,,
Google Earth Pro,*,*,,Google Earth Pro 7.3.3.7786,,11014,,No,,
Grammarly for Microsoft*,*,*,,Grammarly for Microsoft OfficeSuite 6.7.171,,10378,,No,,
GraphPad Prism 5,*,*,,GraphPad Prism 5.02,,10675,,Yes,,
Graphpad Prism 6,*,*,,GraphPad Prism 6.0,,10056,,Yes,,
GraphPad Prism 7,*,*,,GraphPad Prism 7,,10057,,Yes,,
GraphPad Prism 9*,*,*,,GraphPad Prism 9,,11032,,Yes,,
GRS,*,*,,Software Enterprises GRS (LIVE)(SAAS),,10404,,No,,
HAS Solutions 7.3.8 LMH,*,*,,HAS Solutions HASS 7.3.8 (v1),,10618,HASS,No,,
HAS Solutions 7.3.8 QEH,*,*,,HASS 7.3.8 QEH,,10687,HASS,No,,
HAS Solutions HASS 7.3.83,*,*,,HAS Solutions HASS 7.3.8 (v3) RAH,,10284,,No,,
HAS Solutions HASS 7.3.8,*,*,,HAS Solutions HASS 7.3.8 (v3) RAH,,10284,,No,,
HealthTrack Client - RAH,*,3.*,,HTMS HealthTrack Client - RAH,,10286,HealthTrack Client,No,,
HealthTrack Client - RAH,*,4.2.2.0,,Healthtrack Client - RAH 4.2.2.0,,11281,HealthTrack Client,No,,
HealthTrack Client - SAHS,*,*,,HTMS HealthTrack Client - SAHS,,10285,HealthTrack Client,No,,
HealthTrack Client (GP Plus),*,*,,HealthTrack Client (GP Plus),,10224,HealthTrack Client,No,,
HealthTrack SAHS Client,*,*,,HTMS HealthTrack Client - SAHS,,10285,HealthTrack Client,No,,
Heidelberg Eye Explorer,*,*,,Heidelberg Engineering Spectralis Eye Explorer 1.10.2,,11213,,No,,
Heidelberg SPECTRALIS Software,*,*,,Heidelberg Engineering Spectralis Eye Explorer 1.10.2,,11213,,No,,
HOBOware*,*,*,,Onset Hoboware 3.7.21,,11012,,No,,
Homer Letters,*,*,,SAH Homer Letters 1.0 (v2),,10109,,No,,
HP ALM Quality Center 12.2,*,*,,Microfocus ALM Quality Centre 15.1.901,,10612,,No,,
HP Remote Graphics Receiver,*,*,,HP Remote Graphics Receiver 7.7.2.25313,,11146,,No,,
i.Pharmacy 9.5.0 (ADMIN),*,*,,DXC iPharmacy 9.5.0 ADMIN,,10702,i.Pharmacy 9.5.0,No,,
i.Pharmacy 9.5.0 (PRODUCTION),*,*,,DXC iPharmacy 9.5.0 PROD,,10704,i.Pharmacy 9.5.0,No,,
i.Pharmacy 9.5.0 (TRAINING),*,*,,DXC iPharmacy 9.5.0 TRAIN,,10705,i.Pharmacy 9.5.0,No,,
IAC 9.5,*,*,,NEC IAC 9.5,,11189,,No,,
IBM Informix Client-SDK,*,*,,IBM Informix Client_4.10.00.17501,,10737,,No,,
iDataFax 2014*,*,*,,DFNet Research iDataFax 2014.1.2.1 14.1.2,,11106,,No,,
iDataFax 2016*,*,*,,DFNet Research iDataFax 2016.0.1,,11219,,No,,
iDataFax 4.3,*,*,,DFNet Research iDataFax 2016.0.1,,11219,,No,,
IIS 10.0 Express,*,*,,Microsoft Corporation IIS 10.0 Express 10.0.1741,,11352,,No,,
IIS 8.0 Express,*,*,,Microsoft Corporation IIS 10.0 Express 10.0.1741,,11352,,No,,
Illumina Experiment Manager*,*,*,,Illumina Inc Illumina Experiment Manager 1.19.1,,11328,,No,,
Illumina Sequencing Analysis Viewer*,*,*,,Illumina Sequencing Analysis Viewer 2.4.7,,11403,,No,,
Illumina VariantStudio*,*,*,,Illumina VariantStudio 3.0.12.0,,10570,,No,,
ImageJ 1.4*,*,*,,NIH ImageJ 1.48v,,11517,,No,,
Image*Lab*,*,*,,BIO-RAD Image Lab 6.1.0.07,,11286,,No,,
Imprivata Agent,*,*,,SAH Imprivata Agent,,10819,,No,,
IMS2 V*,*,*,,Barcode Logic IMS2 V2.0.1,,11033,,No,,
Informatica Mapping Template,*,*,,Informatica Mapping Template 10.1.1 HF2,,11199,,No,,
Informix Client-SDK*,*,*,,IBM Informix Client_4.10.00.17501,,10737,,No,,
InScribe,*,*,,OzeScribe Emdat InScribe 6.10.18078.23929,,10383,,No,,
InSync,*,*,,OzeScribe Emdat InSync,,10596,,No,,
Intelerad Application Launcher,*,*,,Intelerad Medical Systems InteleViewer 4.18.1,,11108,,No,,
InteleViewer,*,*,,Intelerad Medical Systems InteleViewer 4.18.1,,11108,,No,,
Interactive Biosoftware Alamut Visual*,*,*,,Interactive Biosoftware Alamut Visual 2.15,,10833,,No,,
Instant Notifier Launcher,*,*,,Stanley Instant Notifier Launcher 5.4.2,,11168,,No,,
iProAnesthesia*,*,*,,iProcedures IProAnesthesia 2.2.9,,10326,,No,,
iSoft iConnect*,*,*,,iSoft iConnect 2.0.044,,10767,,No,,
ITH Syngo Share Import PROD*,*,*,,ITH Syngo share import PROD 4.8.0.1007,,10934,syngo.share import*,No,,
ITH Syngo Share Import TEST*,*,*,,ITH Syngo share import TEST 4.8.0.1007,,10933,syngo.share import*,No,,
ITH Syngo Share URL PROD*,*,*,,ITH Syngo share URL PROD 4.8.0.1003,,10936,syngo.share url*,No,,
ITH Syngo Share URL TEST*,*,*,,ITH Syngo share URL TEST 4.8.0.1003,,10935,syngo.share url*,No,,
ITH Syngo Share View PROD*,*,*,,ITH Syngo share view PROD 4.8.0.1007,,10932,syngo.share view*,No,,
ITH Syngo Share View TEST*,*,*,,ITH Syngo share view TEST 4.8.0.1007,,10931,syngo.share view*,No,,
iTunes,*,*,,Apple iTunes 12.11.0.26,,11004,,No,,
Jabra Direct,*,*,,GN Audio Jabra Direct 5.2.20825,,11089,,No,,
Keepass*,*,*,,Dominik Reichl KeePass 2.47,,11112,,No,,
Keyboard LEDs,*,*,,Karpolan Keyboard LEDs 2.7.1.59,,10073,,No,,
KinTrak 7.8 (7.113.5),*,*,,KinTrak International KinTrak 7.1 (7.113.5),,10094,,No,,
KODAK i1210/i1220 Scanner,*,*,,Kodak i1210-i1220,,10316,,No,,
KODAK i2400/i2600/i2800 Scanner,*,*,,Kodak i2400-i2600-i2800 Scanner v1.17,,10513,,No,,
KODAK i24x0/i26x0/i28x0 *,*,*,,Kodak i2400-i2600-i2800 Scanner v1.17,,10513,,No,,
Kofax Capture*,*,*,,SAH Kofax Capture 10.2.1.6,,10831,,No,,
LabChip GX Reviewer,*,*,,Perkinelmer LabChip GX Reviewer 5.9.147,,11582,,No,,
Lasergene *,*,*,,DNASTAR Lasergene 17 17.2.1.63,,11308,,No,,
Lexmark PACS Scan Video 5*,*,*,,Lexmark PacsSCAN Video 5,,10085,,No,,
LibreView Device Drivers*,*,*,,LibreView Device Drivers 3.2.4,,10795,,No,,
LightCycler*,*,*,,Roche LightCycler 480 1.5.0,,11148,,No,,
Locklizard Safeguard - PDF Viewer*,*,*,,Locklizard Safeguard - PDF Viewer 3.0.2,,10978,,No,,
Logitech Capture,*,*,,Logitech Capture 2.04.13,,10997,,No,,
Logitech SetPoint*,*,*,,Logitech SetPoint,,10375,,No,,
Logitech Unifying Software 2.50,*,*,,Logitech Unifying Software 2.5,,11119,,No,,
Logitech Webcam Software,*,*,,Logitech Webcam Software 2.80,,10536,,No,,
LogTag Analyzer,*,*,,LogTag Analyzer,,11121,,No,,
Louisa DaCosta Online,*,*,,Louisa DaCosta Online 1.0.1,,10912,,Yes,,
M*Modal Fluency Flex,*,*,,MModal Fluency Flex 7.42.3453,,11434,,No,,
M*Modal Fluency Flex Upload Service,*,*,,MModal Fluency Flex 7.42.3453,,11434,,No,,
M*Modal Fluency for Transcription Editor,*,*,,3M MModal Fluency for Transcription Editor 7.54.1,,11433,,No,,
Maico MB*,*,*,,Maico MB 11 BERAphone v3.48,,10604,,No,,
Mail Manager *,*,*,,28 Hands Mail Manager 7.0.3448,,10599,,No,,
Matchit,*,*,,SAH MatchIT 3.0,,10344,,No,,
MassARRAY Typer*,*,*,,MassARRAY Typer - 4.1.83 - x86,,10684,,Yes,,
MedCalc,*,*,,MedCalc Software MedCalc 19.6.4,,11076,,No,,
MediCal QAWeb Agent,*,*,,Barco MediCal QAWeb Agent 1.13.2100,,11336,,No,,
MediCal QAWeb Relay,*,*,,Barco MediCal QAWeb Agent 1.13.2100,,11336,,No,,
Medinexus Manager*,*,*,,Medinexus Manager 4 4.0.3,,11162,,No,,
Medtronic CareLink Pro,*,*,,Medtronic CareLink Uploader 3.2.6,,11164,,No,,
Mendeley Desktop*,*,*,,Mendeley Desktop 1.19.2,,10069,,No,,
Mendeley Reference Manager*,*,*,,MMendeley Reference Manager 2.44.1,,11123,,No,,
METRIQ,*,*,,Elekta Metriq 2.88,,11335,,No,,
McKesson Cardiology *,*,*,,McKesson Cardiology Distributed Client 13.1.2,,11024,,No,,
Microfocus ALM Quality Centre 15.1.901,*,*,,Microfocus ALM Quality Centre 15.1.901,,10612,,No,,
Microlab STAR Service,*,*,,Hamilton Microlab Star Service 4.9.0.700,,11639,,No,,
MicroScan Version 5.1,*,*,,Intech Instruments MicroScan 5.1,,10620,,No,,
Microsoft .NET Framework 1.1,*,*,,Microsoft .Net Framework 1.1,,10039,,No,,
Microsoft BGInfo 4.16*,*,*,,DoH Microsoft BGInfo 4.27 (v2),,11249,,No,,
Microsoft BGInfo 4.25*,*,*,,DoH Microsoft BGInfo 4.27 (v2),,11249,,No,,
Microsoft BGInfo 4.27 DoH,*,*,,DoH Microsoft BGInfo 4.27 (v2),,11249,,No,,
Microsoft BGInfo 4.27 EMR,*,*,,EMR Microsoft BGInfo 4.27 (v2),,10844,,No,,
Microsoft BGInfo 4.27 RAH,*,*,,RAH Microsoft BGInfo 4.27 (v2),,10843,,No,,
Microsoft InfoPath 2013,*,*,,Microsoft InfoPath 2013 15.0.4753,,11227,,No,,
Microsoft LifeCam,*,*,,Microsoft LifeCam 3.60.253.0,,10065,,No,,
Microsoft Mouse and Keyboard Center,*,*,,Microsoft Mouse and Keyboard Center 3.1.250,,10376,,No,,
Microsoft Office Professional Plus 2013,Microsoft Corporation,*,,Microsoft Office Professional Plus 2016 x86,,11276,,No,,
Microsoft Power BI Desktop*,*,*,,Microsoft Power BI Desktop 2.80.5803.1061,,10088,,No,,
Microsoft PowerBI Desktop*,*,*,,Microsoft Power BI Desktop 2.80.5803.1061,,10088,,No,,
Microsoft Project Professional 2013,*,*,,Microsoft Project Professional 2013 SP1,,10010,,No,,
Microsoft Project Professional 2016*,*,*,,Microsoft Project Professional 2016 (2002) x86,,10864,,No,,
Microsoft Project Standard 2013,*,*,,Microsoft Project Standard 2013 SP1,,10368,,No,,
Microsoft Project Standard 2016*,*,*,,Microsoft Project Standard 2016 (2002) x86,,10863,,No,,
Microsoft R Client,*,*,,Microsoft Microsoft R Client 3.5.2,,11113,,No,,
Microsoft Report Builder,*,*,,Microsoft Corporation Microsoft Report Builder 15.0.19611.0,,11353,,No,,
Microsoft Report Viewer 2*,*,*,,Microsoft Report Viewer 2015 Runtime 12.0.2402.15,,11354,,No,,
Microsoft Silverlight * SDK,*,*,,Microsoft Silverlight 5 SDK 5.0.61118.0,,11256,,No,,
Microsoft SQL Server 2008 R2 Native Client,*,*,,Microsoft SQL Server 2008 R2 Native Client 10.50.1600,,10245,,No,,
Microsoft SQL Server Management Studio*,*,*,,Microsoft Corporation Microsoft SQL Server Management Studio 18.9.1 15.0.18384.0,,11332,,No,,
Microsoft Visio Professional 2013,*,*,,Microsoft Visio Professional 2013 SP1,,10163,,No,,
Microsoft Visio Professional 2016*,*,*,,Microsoft Visio Professional 2016 x86 (CTR),,10861,,No,,
Microsoft Visio Standard 2013,*,*,,Microsoft Visio Standard 2013 SP1,,10165,,No,,
Microsoft Visio Standard 2016*,*,*,,Microsoft Visio Standard 2016 x86 (CTR),,10862,,No,,
Microsoft Visual Studio Professional 2015*,*,*,,Microsoft Visual Studio Pro 2015 14.0.23107.10,,10556,,Yes,,
Microsoft Visio Viewer 20*,*,*,,Microsoft Office Visio Viewer 2016,,10324,,No,,
Windows Software Development Kit,*,*,,Microsoft Windows Software Development Kit 10.0.19041.685,,11186,,No,,
MiDatabank version 3.2.1.13,*,*,,CoAcS MiDatabank 3.2.1.13,,11295,,Yes,,
Minitab 18,*,*,,Minitab 18,,10564,,Yes,,
Mocha Telnet for Windows 7,*,*,,MochaSoft Mocha Telnet 2.5,,11042,,No,,
MUSE 8.0.1,*,*,,GE Healthcare MUSE 8.0.1,,11166,,No,,
Mutation Surveyor V*,*,*,,SoftGenetics Mutation Surveyor V5.1.2,,11389,,No,,
mylife Upload,*,*,,SINOVO mylife Upload 1.5.9,,11100,,No,,
MYOB AccountRight Premier v19*,*,*,,MYOB AccountRight Premier v19.15.0,,10520,,Yes,,
NCH Express Scribe 4.31 DoH,*,*,,NCH Express Scribe 4.31,,10484,,Yes,,
NDP.View*,*,*,,Hamamatsu NDP.view 2 v2.8.24,,11102,,No,,
NEC QMaster Desktop Config 2.0,*,*,,NEC QMaster Desktop Config 2,,10641,,No,,
Nellcor Analytics Tool,*,*,,Nellcor Analytics Tool 1.6.0,,11025,,No,,
Netterm,*,*,,Intersoft Netterm MPH 5.2.0 PROD,,11135,,No,,
NIDS2002 SA,*,*,,Database Consultants Australia NIDS 1.5.1,,10905,,No,,
Node.js,*,*,,Node.js Foundation Node.js 14.15.4,,11087,,No,,
Nokia PC Suite,*,*,,Nokia PC Suite 7.1.18.0,,10528,,No,,
Notepad++*,*,*,,Notepad++ 7.9.1 (x64),,10998,,No,,
NotePage PageGate Client 4,*,*,,NotePage PageGate GUI Client (SAAS),,10775,NotePage Inc PageGate GUI Client 4.0,No,,
NotePage PageGate Client 4 (EOC),*,*,,NotePage PageGate GUI Client (SAAS EOC Config),,10776,NotePage Inc PageGate GUI Client 4.0,No,,
Npcap*,*,*,,Nmap Project Npcap 1.10,,11098,,No,,
Nuance PaperPort 14,*,*,,Nuance PaperPort Pro 14.5,,10095,,Yes,,
nVision,*,6.5*,,Nonin Medical_Nvision 6.5.0,,11073,,No,,
NVivo,*,20.*,,QSR International Nvivo 20.3.0.535,,11010,,Yes,,
NxClinical Client,*,*,,BioDiscovery NxClinical Client 6.0.0.0,,11158,,No,,
NXLog-CE,*,*,,NXLOG CE 2.9.1540,,10537,,No,,
Objective 10,*,*,,Objective Navigator 10.5.1.0,,10501,,No,,
Objective Connect For Windows,*,*,,Objective Connect For Windows 1.12,,11196,,No,,
Olympus Dictation Management System R6 DM v6.4.0,*,*,,Olympus DMS R6 DMTM (Dict. Mode) 6.4.0 ,,10574,,Yes,,
Olympus Dictation Management System R6 TM v6.4.0,*,*,,Olympus DMS R6 DMTM (Trans. Mode) 6.4.0,,10575,,Yes,,
Olympus Dictation Management System R7 DM,*,*,,Olympus ODMS R7 Dict. Mode 7.2,,10122,,Yes,,
Olympus Dictation Management System R7 TM,*,*,,Olympus ODMS R7 Trans. Mode 7.2,,10123,,Yes,,
Oracle VM VirtualBox*,*,*,,Oracle Corporation Oracle VM VirtualBox 6.0.24,,11358,,No,,
Out*n About* for Outlook Client,*,*,,NCMHC Out n About for Outlook Client 4.0,,10977,,No,,
PACS Scan*,*,*,,Lexmark PacsSCAN Video 5,,10085,,No,,
PacsSCAN*,*,*,,Lexmark PacsSCAN Video 5,,10085,,No,,
paint.net,*,*,,DotPDN Paint.net 4.0.21,,10317,,No,,
PDFsam Basic,*,*,,Sober Lemur PDFsam Basic 4.2.3.0,,11144,,No,,
Philips Actiware,*,*,,Philips Actiware 6.0.9.9,,11035,,No,,
Philips Device Control Center,*,*,,Speech Processing Solutions Philips Device Control Center 4.3.431.29,,11145,,No,,
Philips HeartStart Event Review Pro 4.*,*,*,,Philips HeartStart Event Review Pro 4.2,,10600,,No,,
Philips Intellispace ECG Anywhere,*,*,,SA Health Philips Intellispace ECG Anywhere 1.00,,11287,,No,,
PhraseExpress v*,*,*,,Bartels Media GmbH PhraseExpress 15.0.87,,11222,,Yes,,
PHTHISIS,*,*,,Thoracic Medicine RAH Phthisis 9.6,,10274,,No,,
Pillcam *,*,*,,Given Imaging Pillcam Reader WW 90.34.17810,,11118,,,,
Planet Software PSCDO*5.2.0.2482,*,*,,Planet Software PSCDO 5.2.0.2482,,10042,,No,,
Plantronics Hub Software,*,*,,Plantronics Hub Software 3.11.0.1701,,10086,,No,,
Poll Everywhere,*,*,,Poll Everywhere 3.0.1,,10972,,No,,
PolyOptimum Proact (CALHN),*,*,,PolyOptimum ProAct (CALHN) 8.1903.0019 V2,,11037,ProAct,No,,
PolyOptimum Proact (CHSA),*,*,,PolyOptimum Proact (CHSA) 8.1903.0019 V2,,11038,ProAct,No,,
PolyOptimum Proact (NALHN),*,*,,PolyOptimum ProAct (NALHN) 8.1903.0019 V2,,11039,ProAct,No,,
PolyOptimum Proact (SALHN),*,*,,PolyOptimum ProAct (SALHN) 8.1903.0019 V2,,11040,ProAct,No,,
PolyOptimum Proact (WCHN),*,*,,PolyOptimum ProAct (WCHN) 8.1903.0019 v2,,11041,ProAct,No,,
PowerArchiver*,*,*,, 7-Zip 19.00,,11002,,No,,
Profiler Software,*,*,,SNC Profiler Software 3.4.3,,11201,,No,,
PROFOX Oximetry,*,*,,PROFOX Oximetry 2017.02.03,,10603,,Yes,,
ProFusion Sleep Software*,*,*,,Compumedics ProFusion Sleep Software 4.5 (b468),,11156,,No,,
Propalms Connection Manager,*,*,,Propalms Connection Manager 7.0.3,,11182,,No,,
PsychCorpCenter,*,*,,Pearson PsychCorpCenter 3.3.3,,11116,,No,,
PsychCorpCenter-II,*,*,,Pearson PsychCorpCenter-II 1.0.15,,11163,,No,,
PUMA*,*,*,,RubyGems PUMA 5.2.1,,11105,,No,,
Putty*,*,*,,Putty 0.74,,11000,,No,,
Python *,*,*,,Python Core Interpreter 3.9.1,,11077,,No,,
Q-Pulse 5,*,*,,Gael Q-Pulse 5.800.05.36,,10196,,No,,
QuantStudio*Design*,*,*,,QuantStudio Design and Analysis Software 1.5.1,,10611,,No,,
R for Windows*,*,*,,R Core Team R for Windows 4.0.4,,11103,,No,,
RadiCS*,*,*,,EIZO Corporation RadiCS5 5.0.9.6,,11534,,No,,
RAH Budget Manager 1.0.3013.14812,*,*,,RAH Budget Manager 1.0.3013.14812 - x86,,10647,,No,,
Rapid Locate 2.0.62,*,*,,Rapid Map Global Rapid Locate (SAAS),,10402,,No,,
RenalSoft,*,*,,Baxter RenalSoft 2.0.1,,10485,,No,,
ResScan*,*,*,,ResMed ResScan 6.0.1,,11015,,No,,
Review Manager*,*,*,,TNCC Review Manager,,10353,,No,,
RippleDown 8.*,*,*,,Pacific Knowledge RippleDown 8.2.10.b2348,,11330,,No,,
RippleDown Client 6.47.33,*,*,,Pacific Knowledge RippleDown 8.2.10.b2348,,11330,,No,,
RJL AnyImage Screen Saver 1.05,*,*,,RJL AnyImage Screen Saver 1.05,,10505,,No,,
ROTEM Secure Viewer 1.1.0,*,*,,ROTEM Secure Viewer 1.1.0 SAPATH,,10260,,Yes,,
ROTEM Secure Viewer 1.1.0 nRAH,*,*,,ROTEM Secure Viewer 1.1.0 nRAH (V2),,10735,,Yes,,
Rotor-Gene 6000 1.7.87,*,*,,QIAGEN GmbH Rotor-Gene 6000 1.7.87,,11149,,Yes,,
RStudio,*,*,,RStudio RStudio 1.1.453,,10387,,No,,
SAAS - FMS Trident T32 (LIVE - Import Utility),*,*,,Trident T32 5.1(LIVE Import Utility),,10824,Borland BDE511,No,,
SAAS - FMS Trident T32 (LIVE),*,*,,FMS Trident T32 5.1(LIVE),,10825,Borland BDE511,No,,
SAAS - FMS Trident T32 (TEST - Import Utility),*,*,,FMS Trident T32 5.1(TEST Import Utility),,10827,Borland BDE511,No,,
SAAS - FMS Trident T32 (TEST),*,*,,FMS Trident T32 5.1(TEST),,10826,Borland BDE511,No,,
SADS - Titanium 12.92.126 (PROD),*,*,,Titanium Solutions Titanium 12.0.92.126 (PROD),,11137,Titanium 12.92,No,,
SADS - Titanium 12.92.126 (TEST),*,*,,Titanium Solutions Titanium 12.0.92.126 (TEST),,11265,Titanium 12.92,No,,
SADS - Titanium Web 104.92.1 (PROD)(CAPTURE),*,*,,Titanium Solutions Titanium Web 104.92.108 PROD,,10727,Titanium Web,No,,
SADS - Titanium Web 104.92.108 (TEST)(CAPTURE),*,*,,Titanium Solutions Titanium Web 104.92.108 TRAIN,,10728,Titanium Web,No,,
SafeSign*,*,*,,SafeSign 3.0.124,,11018,,No,,
SAH ATS (AnzioWin) 2.0 FMC,*,*,,SAH ATS (AnzioWin) FMC,,10176,,No,,
SAH ATS (AnzioWin) FMC,*,*,,SAH ATS (AnzioWin) FMC,,10176,,No,,
SAH Auskey Browser 1.*,*,*,,SAH Auskey Browser,,10256,,No,,
SAH Chiron (AnzioWin) 2.1,*,*,,SAH Chiron (AnzioWin) CHSA,,10183,,No,,
SAH Chiron (AnzioWin) CHSA,*,*,,SAH Chiron (AnzioWin) CHSA,,10183,,No,,
SAH Chris21 Client Config (DoH) 4.0,*,*,,Frontier Chris21 5.14.15 (Prod1 & Prod2),,10408,,No,,
SAH Chris21 Client Config (SAAS) 5,*,*,,DXC Chris21 Config (SAAS) 5.1,,10676,,No,,
SAH CME ODBC Config 1.1*,*,*,,LMH - SAH CME ODBC Config 1.1,,11092,,No,,
SAH Easy Reader Lite 0.5.1.1,*,*,,SAH Easy Reader Lite 0.5.1.1,,10038,,No,,
SAH EMR Clinical Manager Patient Info Icons1.0,*,*,,SAH EMR Clinical Manager Patient Info Icons,,10789,,No,,
SAH EMR Clinical Manager Thick Client (USER)(PROD),*,*,,SAH EMR Clinical Manager 17.3.3 (USER)(PROD),,10867,,No,,
SAH EMR SDM Tabs,*,*,,SAH EMR SDM Tabs (USER PROD),,10835,,No,,
SAH EMR SDM Tabs (Train),*,*,,SAH EMR SDM Tabs ( Train ) 2.0,,10973,,No,,
SAH EMR TRAINING Device 17.3,*,*,,SAH EMR Clinical Manager 17.3.3 (TRAIN),,11134,,No,,
SAH EMR Config 17.3.1 (TRAINING),*,*,,SAH EMR Clinical Manager 17.3.3 (TRAIN),,11134,,No,,
SAH EPAS BCP Status Checker*,*,*,,SA Health Sunrise BCP Status Checker 1.2.1.0,,11394,,No,,
SAH EPAS Config 17.3 (ANALYST)(PROD),*,*,,EPAS Clinical Manager (ANALYST)(PROD) 17.3.3,,11132,,No,,
SAH EPAS Clinical Manager * RDP Shortcut*,*,*,,SAH EPAS Clinical Manager 17.3 RDP Shortcut 1.1,,10139,,No,,
SAH EPAS Play and Learn Shortcut 1.1,*,*,,Sunrise Play and Learn Shortcut,,10243,,No,,
SAH ESMI Barcode Font 1.0,*,*,,SAH ESMI Barcode Font 1.0,,10486,,No,,
SAH GE HealthCare AssetPlus*Config*,*,*,,GE Healthcare AssetPlus 10.10.0.19,,11173,,No,,
SAH GE Healthcare CardioSoft V6.73 Config DoH 1.0,*,*,,GE Healthcare CardioSoft Software 6.73,,11086,,No,,
SAH HASED WCH PED Config *,*,*,,SAH HASED WCH PED Config 1.01,,10591,,No,,
SAH HASED WCH PED Config *,*,*,,DXC Enable SMB1 (Auto Restart) 2.0,,10694,,No,,
SAH HASED WCH WAS Config *,*,*,,SAH HASED WCH WAS Config 1.01,,10592,,No,,
SAH HASED WCH WAS Config *,*,*,,DXC Enable SMB1 (Auto Restart) 2.0,,10694,,No,,
SAH Homer (Reflection) 1.0 QEH-LMH,*,*,,SAH Homer (Reflection) 1.0 QEH-LMH,,10191,WRQ Reflection 6.00,No,,
SAH Homer (Reflection) 1.0 SAPATH,*,*,,SAH Homer (Reflection) 1.0 SAPATH,,10194,WRQ Reflection 6.00,No,,
SAH Homer (Reflection) 1.1 FMC,*,*,,SAH Homer (Reflection) 1.1 FMC,,10187,WRQ Reflection 6.00,No,,
SAH Homer (Reflection) 1.1 NHS,*,*,,SAH Homer (Reflection) 1.1 NHS,,10189,WRQ Reflection 6.00,No,,
SAH Homer (Reflection) 1.1 RGH,*,*,,SAH Homer (Reflection) 1.1 RGH,,10190,WRQ Reflection 6.00,No,,
SAH Homer (Reflection)*FMC,*,*,,SAH Homer (Reflection) 1.1 FMC,,10187,WRQ Reflection 6.00,No,,
SAH Homer (Reflection)*CYWHS,*,*,,DXC Homer (Reflection) 1.1 (v2) CYWHS,,10129,WRQ Reflection 6.00,No,,
SAH LMWAREHOUSE ODBC Config 2.0,*,*,,LMH SAH LMWAREHOUSE ODBC Config 2.0,,11090,,No,,
Neo FMC PROD,*,*,,SAH NEO Test and Training (FMC) 24.0.0.3,,11501,,No,,
Neo FMC TRNG,*,*,,SAH NEO Test and Training (FMC) 24.0.0.3,,11501,,No,,
SAH nRAH Reboot Scheduler Script,*,*,,SAH nRAH Reboot Scheduler Script,,10640,,No,,
SAH CYWHS McKesson Web Client Config 1.0,*,*,,McKesson Cardiology Distributed Client 13.1.2,,11024,,No,,
SAH MDE Management Tool*,*,*,,SAH MDE Management Tool,,10031,,No,,
SAH Medicare HPOS 1.0 Config*,*,*,,SAH Medicare HPOS 3.0,,11223,,No,,
SAH Medicare HPOS Certificates (SADS) 1.0,*,*,,SAH Medicare HPOS Certificates (SADS) 1.0,,10518,,No,,
SAH ProVation MD Client 5 Config 1.2,*,*,,ProVation MD Client 5.0.410,,10392,,No,,
2022.05.24 Joe Faulkner-Exempted until new devices are rolled out # SAH ProVation MD Client 5 Config 1.2 (Video) (x*,*,*,,ProVation MD Client 5.0.410 (Video) PROD,,10393,,No,,
2022.05.24 Joe Faulkner-Exempted until new devices are rolled out # SAH ProVation MD Client 5 Config 2.2 (TEST) (Video) (x*),*,*,,Provation MD Client 5.0.410 (Video) TEST,,11194,,No,,
SAH ProVation MD Client 5 Config 2.2 (TEST),*,*,,ProVation MDClient 5.0.410 TEST,,11195,,No,,
SAH QEWarehouse ODBC Config 2.0,*,*,,QEH SAH QEWAREHOUSE ODBC Config 2.0,,11091,,No,,
SAH SAAS Desktop Background 3.*,*,*,,SAH SAAS Background 3.3,,11241,,No,,
SAH SAAS EOC Startup App Launcher 1.0,*,*,,SAAS EOC Startup App Launcher (SAAS),,10445,,No,,
SAH SAPICS (Reflection) 1.0 QEH-LMH,*,*,,QEH-LMH - SAH SAPICS (Reflection) 1.0,,11531,,No,,
SAH Software Enterprises GRS Config 1.0,*,*,,Software Enterprises GRS (LIVE)(SAAS),,10404,,No,,
SAH Sunrise BCP Status Checker*,*,*,,SA Health Sunrise BCP Status Checker 1.2.1.0,,11394,,No,,
SAH Sunrise Play and Learn Shortcut *,*,*,,Sunrise Play and Learn Shortcut,,10243,,No,,
SAH Sunrise User Support Shortcut*,*,*,,EMR Sunrise User Support Shortcut,,10773,,No,,
SAH TSV Registered EXT for MS Excel 1.0,*,*,,DXC Register TSV for Excel 2016 x86 1.0,,10506,,No,,
SAH Varian ARIA Citrix Shortcut *,*,*,,Varian ARIA Citrix Shortcut,,10241,,No,,
SAH vOacis Java certificate 1.0,*,*,,SAH vOacis Java certificate 2.0,,10507,,No,,
SAH WCH NEO 1.0,*,*,,SAH NEO 2.0 WCH,,10320,,No,,
SAH ZebraDesigner*,*,*,,Zebra Technologies Corporation ZebraDesigner 3 3.2.1.570,,11388,,No,,
SAPath Image Link,*,*,,SA Pathology SAPath Image Link 1.0.8,,10222,,No,,
SCANORA 5.2.6,*,5.2.6*,,Soredex Scanora 5.2.6,,10791,,No,,
ScanSnap*,*,*,,PFU Limited ScanSnap 2.0.20.3,,11067,,No,,
Scribe,*,*,,Scribe 1.1A,,11422,,No,,
ShadowLink Client,*,*,,Nuance ShadowLink Client 2.9.20041.19823,,11099,,No,,
SMART Ink,*,*,,SMART Technologies SMART Ink 5.8.130,,11096,,No,,
SnagIT 2018,*,*,,TechSmith Snagit 2018,,11377,,Yes,,
SnagIT 2020,*,*,,Techsmith Snagit 2021 21.2.0,,10970,,Yes,,
SnagIT 2021,*,*,,Techsmith Snagit 2021 21.2.0,,10970,,Yes,,
Software Enterprises GRS live 1.0,*,*,,Software Enterprises GRS (LIVE)(SAAS),,10404,,No,,
Software Enterprises GRS LIVE 3.603,*,*,,Software Enterprises GRS (LIVE)(SAAS),,10404,,No,,
Sopro TWAIN PSPIX Gen2 Driver 2.3.194.0,*,*,,SADS PSPIX Twain drivers 2.3.194,,11085,,No,,
SOS,*,9.4.14.0,,CH2 SOS 9.4.14,,10323,,No,,
SpeechExec Pro Dictate,*,11.*,,Speech Processing Solutions SpeechExec Pro Dictate 11.5.113.57,,11150,,Yes,,
SpeechExec Pro Transcribe,*,11.*,,Speech Processing Solutions SpeechExec Pro Transcribe 11.5.113.57,,11152,,Yes,,
SpeechMagic Recorder,*,*,,Phillips SpeechMagic 13.543.2.13,,10235,,No,,
SQL Compare 1*,*,*,,Red Gate SQL Compare 14 14.5.1.18536,,11376,,Yes,,
SQL Multi Script 1,*,*,,Red Gate SQL Multi Script 1 1.5.4.1390,,11384,,Yes,,
SQL Prompt *,*,*,,Red Gate SQL Prompt 10 10.6.16.21150,,11375,,Yes,,
SQL Search 3,*,*,,Red Gate SQL Search 3 3.5.5.2703,,11356,,No,,
SQL Server Management Studio,*,*,,Microsoft Corporation Microsoft SQL Server Management Studio 18.9.1 15.0.18384.0,,11332,,No,,
SQL Source Control *,*,*,,Red Gate Software SQL Source Control 7.2.35.13078,,11418,,Yes,,
SQL Test *,*,*,,Red Gate Software SQL Test 4.1.1.1259,,11420,,Yes,,
Stat/Transfer 1*,*,*,,Circle Software StatTransfer 14,,10137,,Yes,,
Stata 15 IC,*,*,,StataCorp LLC Stata 15 (IC),,10104,,Yes,,
Stata 15 SE,*,*,,StataCorp LLC Stata 15 (SE),,10105,,Yes,,
Stretch Break 6.6 PRO,*,*,,Stretch Break 6.6,,11003,,No,,
SNCPatient,*,*,,Sun Nuclear SNCPatient 6.7.3.29811,,11560,,No,,
SNC Patient,*,*,,Sun Nuclear SNCPatient 6.7.3.29811,,11560,,No,,
Synapse Cardiovascular Web Viewer Control*,*,*,,Fujifilm Medical Systems Synapse Cardiovascular Web Viewer Control 6.2.100.61 (x86),,10738,,No,,
Synapse Cardiovascular Client,*,*,,Fujifilm Medical Systems Synapse Cardiovascular Web Viewer Control 6.2.100.61 (x86),,10738,,No,,
Sybase IQ Network Client,*,*,,Sybase IQ Nework Client 12.7,,10048,,No,,
Sunrise Excel Addin 17.3 (5963),*,*,,EPAS Clinical Manager (ANALYST)(PROD) 17.3.3,,11132,,No,,
Tableau 20*,*,*,,Tableau Software - Tableau Desktop - 2021.1.1,,11220,,Yes,,
Tableau Reader*,*,*,,SAH Tableau Reader 20.4.1664 x64,,11007,,No,,
Tatham Putty*,*,*,,Putty 0.74,,11000,,No,,
T-DOC Client,*,*,,Getinge T-DOC Client 13,,10406,,No,,
T-TECW*,*,*,,Temperature Technology T-TECW 15.6,,10388,,Yes,,
TCapture *,*,*,,Tucsen TCapture 5.1,,10382,,No,,
Telethon Kids Institute DPMS 3.3.0.0 (FMC),*,*,,Telethon Kids Institute DPMS 3.3.0.0 (FMC),,10433,DPMS 3.3.0.0 (x86),No,,
Telethon Kids Institute DPMS 3.3.0.0 (WCH),*,*,,Telethon Kids Institute DPMS 3.3.0.0 (WCH),,10434,DPMS 3.3.0.0 (x86),No,,
The*installation of AssetPlus*,*,*,,GE Healthcare AssetPlus 10.10.0.19,,11173,,No,,
Thoracic Medicine RAH PHTHISIS*,*,*,,Thoracic Medicine RAH Phthisis 9.6,,10274,,No,,
TightVNC,*,*,,GlavSoft LLC TightVNC 2.8.59.0,,11114,,No,,
Tinytag Explorer*,*,*,,Gemini Data Loggers Tinytag Explorer 5.2,,11005,,Yes,,
Titan Management Software,*,*,,Interlogix Titan Management Software 3.5.1 build 30,,11343,,No,,
TrakGene Client,*,*,,TrakGene Client 3.4,,11424,,No,,
TortoiseSVN 1.*,*,*,,TortoiseSVN TortoiseSVN 1.14,,11072,,No,,
TouchPoint,Enghouse*,*,,SA Pathology Enghouse TouchPoint 11.1.2.50868,,11438,,No,,
UBD Australian Regional Cities and Towns v4.0,*,*,,UBD Australian Regional Cities and Towns (SAAS),,10399,,No,,
Unity Real Time 2.0 SP*,*,*,,Unity Real Time 2.0 SP4,,10538,,No,,
UNIVERGE Soft Client - ADC,*,*,,NEC UNIVERGE Softphone SP350 6.17.0.1 ADC,,11407,UNIVERGE Soft Client SP350,No,,
UNIVERGE Soft Client - FMC,*,*,,NEC UNIVERGE Softphone SP350 6.17.0.1 FMC,,11415,UNIVERGE Soft Client SP350,No,,
UNIVERGE Soft Client - GDC,*,*,,NEC UNIVERGE Softphone SP350 6.17.0.1 GDC,,11409,UNIVERGE Soft Client SP350,No,,
UNIVERGE Soft Client - HC,*,*,,NEC UNIVERGE Softphone SP350 6.17.0.1 HC,,11414,UNIVERGE Soft Client SP350,No,,
UNIVERGE Soft Client - LMH,*,*,,NEC UNIVERGE Softphone SP350 6.17.0.1 LMH,,11411,UNIVERGE Soft Client SP350,No,,
UNIVERGE Soft Client - QEH,*,*,,NEC UNIVERGE Softphone SP350 6.17.0.1 QEH,,11410,UNIVERGE Soft Client SP350,No,,
UNIVERGE Soft Client - SAPath,*,*,,NEC UNIVERGE Softphone SP350 6.17.0.1 SA Path,,11412,UNIVERGE Soft Client SP350,No,,
UNIVERGE Soft Client - WCH,*,*,,NEC UNIVERGE Softphone SP350 6.17.0.1 WCH,,11413,UNIVERGE Soft Client SP350,No,,
UNIVERGE Soft Client - WH,*,*,,NEC UNIVERGE Softphone SP350 6.17.0.1 WH,,11416,UNIVERGE Soft Client SP350,No,,
Varian *,*,*,,Varian Medical Systems Varian Keystone Agent 02.01.0601.0,,11297,,No,,
VETtrak EMR,*,*,,Ozsoft VETtrak (EMR) 3.2.2.6,,10230,VETtrak Launcher,No,,
VETtrak Launcher,*,*,,VETtrak Hosting Service Launcher 3.4.0.0,,10373,VETtrak Launcher,No,,
VETtrak SAAS,*,*,,VETtrak VETtrak 18.2.1.0 (SAAS),,10091,VETtrak Launcher,No,,
VHI PC-Kits,*,*,,Visual Health Information PC-Kits Desktop 4.2.439,,10074,,Yes,,
VIP Access,*,*,,VIP Access 2.2.4.44,,11034,,No,,
Virtual Desktop Client,*,*,,Virtual Desktop Client 3.0.27,,11009,,No,,
VirtualCloneDrive,*,*,,Elaborate Bytes VirtualCloneDrive 5.5.2.0,,11097,,No,,
Visual Studio Professional 2017,*,*,,Microsoft Visual Studio Professional 2017,,10058,,Yes,,
Visual Studio Professional 2017 (2),*,*,,Microsoft Visual Studio Professional 2017,,10058,,Yes,,
Visual Studio Professional 2019,*,*,,Microsoft Visual Studio Pro 2019 16.8.30907.101,,11013,,Yes,,
Visual Studio Professional 2019 (2),*,*,,Microsoft Visual Studio Pro 2019 16.8.30907.101,,11013,,Yes,,
Vitrea *,*,*,,Vitrea Enterprise Suite 6.9.2,,11022,,No,,
VLC media player*,*,*,,VideoLan Organization VLC Media Player 3.0.04,,10319,,No,,
VRClient*,*,*,,Dimetro VRClient 6.8.0.1,,11020,,Yes,,
WAIS-IV Scoring Assistant,*,*,,Pearson WAIS-IV Scoring Assistant 2.2.00,,11390,,No,,
Webex Teams,*,*,,Cisco Systems Inc Webex Teams 3.0.12103,,10379,,No,,
Welch Allyn Viewer,*,*,,Welch Allyn Viewer 1.1.2,,10541,,No,,
Wibu*Key*,*,*,,WIBU-SYSTEMS AG Wibukey setup 6.51,,11357,,No,,
WinCDEmu,*,*,,Sysprogs WinCDEmu 4.1,,11071,,No,,
Winmerge *,*,*,,Thingamahoochie Software WinMerge.zip,,10951,,No,,
WinPcap 4.1.*,*,*,,Riverbed Technolgoy Inc WinPcap 4.1.3,,10391,,No,,
WinSCP *,*,*,,Martin Prikryl WinSCP 5.17.10,,11078,,No,,
Winscribe Author Plus,*,5*,,Nuance Winscribe Author Plus 5.0.0.155,,11309,,No,,
Winscribe Client,*,5*,,Nuance Winscribe Client 5.0.0.288,,11301,,No,,
WinScribe Internet Typist,*,3.8.5,,WinScribe Internet Typist 3.8.5,,11006,,No,,
WinSHOP,*,*,,Symbion Pty Ltd WinSHOP 1.5.0,,11151,,No,,
WinSQL,*,15.*,,Synametrics Technologies WinSQL 15.0.251,,11190,,No,,
WinZip*,*,*,, 7-Zip 19.00,,11002,,No,,
Wireshark*,*,*,,Wireshark 3.4.2.0,,10996,,No,,
ZebraDesigner*,*,*,,Zebra Technologies Corporation ZebraDesigner 3 3.2.1.570,,11388,,No,,
Zedmed *,*,*,,Zedmed Pty Ltd Zedmed 33.3.0.11060,,11070,,No,,
*,*,*,,DXC USMT Restore 5.3.0.0 (Transformation),,11654,,,,
